{
  "lights": [
    {
      "ambient": [
        0.20000000298023224,
        0.20000000298023224,
        0.20000000298023224
      ],
      "diffuse": [
        0.800000011920929,
        0.800000011920929,
        0.800000011920929
      ],
      "direction": [
        0.0,
        -1.0,
        0.0
      ],
      "distance": 50.0,
      "enabled": true,
      "name": "New Light",
      "position": [
        0.0,
        1.2699999809265137,
        1.3899999856948853
      ],
      "scale": [
        0.20000000298023224,
        0.20000000298023224,
        0.20000000298023224
      ],
      "specular": [
        1.0,
        1.0,
        1.0
      ],
      "type": 0
    }
  ],
  "models": [
    {
      "filePath": "../resources/models/cat/12221_Cat_v1_l3.obj",
      "name": "New Model",
      "position": [
        0.0,
        1.0,
        0.0
      ],
      "rotation": [
        -1.600000023841858,
        0.0,
        0.0
      ],
      "scale": [
        0.009999999776482582,
        0.009999999776482582,
        0.009999999776482582
      ],
      "tag": "New Model",
      "visible": true
    }
  ],
  "plane": {
    "position": [
      0.0,
      0.0,
      0.0
    ],
    "rotation": [
      0.0,
      0.0,
      0.0
    ],
    "scale": [
      1.0,
      1.0,
      1.0
    ],
    "visible": true
  }
}